id;дата;время;рейтинг;текст;автор;is_verified;is_hidden;hiding_type;likes_count;comments_count;official_answer;фото_count;provider;url
233534628;2026-04-03;11:52:34;1;"Сильно не советую связываться. Записался на 2 апреля на шиномонтаж шин, которые оставил на хранение в Фридом Драйве, номер 1272. Приехал ко времени шин, нет. Не привезли, не сообщили. Обещают привезти сегодня. Но теперь запись на шиномонтаж только через неделю на 8 апреля.
Осенью вот так остаться без шин не хочу. Буду забирать шины и переходить на монтаж и хранение я нормальную компанию. Жаль, что не видел отзывов.";Fedor I;False;False;;0;1;{'date_created': '2026-04-07T15:32:08.812576+07:00', 'id': '64048955', 'logo_preview_urls': {}, 'org_name': 'Freedom Drive, шиномонтаж', 'text': 'Добрый день Фёдор, извините пожалуйста за неудобство, произошел Форс мажор, ошибка на нашей стороне! Видим что у вас запись есть на наш шиномонтаж, для вас будут предоставлены персональные условия. Ещё раз пожалуйста извините.'};0;2gis;
233162212;2026-04-01;17:22:45;2;"Оплаты по QR нет, постерминал старый.
К мастерам вопросов нет, все сделали четко и быстро, по записи.
Классно, что есть услуга - хранение шин на сезон.";Milana Kairbekova;False;False;;0;1;{'date_created': '2026-04-02T14:00:10.716933+07:00', 'id': '63805712', 'logo_preview_urls': {}, 'org_name': 'Freedom Drive, шиномонтаж', 'text': 'Милана, здравствуйте! Благодарим вас за отзыв и обратную связь. Рады, что вы остались довольны работой наших мастеров и скоростью обслуживания. Также приятно, что отметили услугу сезонного хранения шин. По поводу оплаты по QR — спасибо за замечание, обязательно учтём'};0;2gis;
232257346;2026-03-28;19:15:46;5;Ребята оперативно помогли, большой рахмет;Жұрттың Баласы;False;False;;0;1;{'date_created': '2026-03-30T12:19:49.714102+07:00', 'id': '63618823', 'logo_preview_urls': {}, 'org_name': 'Freedom Drive, шиномонтаж', 'text': 'Рахмет за отзыв! Нам очень приятно, что вы остались довольны скоростью и качеством. Обращайтесь в любое время 🤝'};0;2gis;
232026385;2026-03-27;18:33:18;5;Быстро, качественно, доступно.;Alexandr Kim;False;False;;0;1;{'date_created': '2026-03-27T21:13:56.709187+07:00', 'id': '63520431', 'logo_preview_urls': {}, 'org_name': 'Freedom Drive, шиномонтаж', 'text': 'Благодарим за обратную связь!'};0;2gis;
231247922;2026-03-24;16:48:56;2;"Мы стали клиентами случайно, т.к. FREEDOM купили другую компанию шиномонтажа. Сдалали заказ на 3 авто. Итог: на одну машину резину вообще не доставили, у одной машины повреждён диск. При этом оплату они взяли заранее. Где теперь наша резина - кто знает. В службе поддержки игнор, на 3 день дозвонились, а там в несознании - мы не знаем, мы передадим. Игнор, плохое качество хранения, реакция на нуле. Избегайте сервис всеми способами!

Доброе утро! Вчера нам переодели резину. Но)))ребята сказали, что нет оплаты, как нет, еще за неделю илм больше все было оплачено, без этого бы не записали же вы)) Из всего вашего круга отлично свою работу делают только ребята на самой точке. И около Рамстора и внизу на Сейфуллина. А вы вроде качество, но не можете даже сами проанализировать поток и найти, у кого из клиентов была проблема";Madina U;False;False;;1;1;{'date_created': '2026-03-24T22:55:02.645663+07:00', 'id': '63358997', 'logo_preview_urls': {}, 'org_name': 'Freedom Drive, шиномонтаж', 'text': 'Здравствуйте! Благодарим вас за обратную связь. Нам искренне жаль, что у вас сложилось такое впечатление о нашем сервисе. Приносим извинения за доставленные неудобства. Для нас очень важно разобраться в данной ситуации. Пожалуйста, укажите номер заказа и контактные данные, чтобы мы могли проверить информацию, связаться с вами и оперативно решить вопрос. Мы обязательно проведём проверку и примем необходимые меры.'};0;2gis;
229302763;2026-03-15;21:27:08;5;Переобуваюсь тут уже несколько лет. Люди всегда разные, потому отметить кого-то конкретного не получится. Цены очень вкусные, переобувка всегда грамотная. Но пока без нареканий — пять звезд.;Олег Ренкович;False;False;;0;1;{'date_created': '2026-03-15T22:59:27.838989+07:00', 'id': '62842293', 'logo_preview_urls': {}, 'org_name': 'Freedom Drive, шиномонтаж', 'text': 'Спасибо вам большое за добрые слова о нашей работе! Будем рады видеть вас в числе наших постоянных клиентов.'};0;2gis;
225612112;2026-03-02;14:16:56;5;Спасибо за оперативность.. Качественно;Дурсун;False;False;;0;1;{'date_created': '2026-03-03T11:57:41.127014+07:00', 'id': '62225616', 'logo_preview_urls': {}, 'org_name': 'Freedom Drive, шиномонтаж', 'text': 'Спасибо за доверие и высокую оценку!'};0;2gis;
221657984;2026-02-24;14:13:56;5;Спасибо все быстро а главное качественно;Ramis Dursunov;False;False;;0;1;{'date_created': '2026-03-01T22:55:39.68475+07:00', 'id': '62130241', 'logo_preview_urls': {}, 'org_name': 'Freedom Drive, шиномонтаж', 'text': 'Рамис, спасибо вам за доверие и отзыв! Рады, что всё прошло быстро и качественно. Будем ждать вас снова'};0;2gis;
219180305;2026-02-14;01:08:08;5;Качество. Быстрота;Елена Волкова (Ерещенко);False;False;;0;1;{'date_created': '2026-02-14T20:58:28.103953+07:00', 'id': '61357008', 'logo_preview_urls': {}, 'org_name': 'Freedom Drive, шиномонтаж', 'text': 'Очень признательны вам за покупку и оставленный отзыв!'};0;2gis;
215659636;2026-01-30;18:00:14;5;Очень удобно, можно записаться заранее, быстро отвечают) Правда я приехала с опозданием на 35 минут 😅 Спасибо Арману, что быстро, качественно всё сделал) Приятный человек☺️🙏🏻 Буду теперь ходить только сюда;Aigerim A;False;False;;0;1;{'date_created': '2026-01-30T23:23:29.286833+07:00', 'id': '60596072', 'logo_preview_urls': {}, 'org_name': 'Freedom Drive, шиномонтаж', 'text': 'Большое спасибо за такой приятный отзыв! Очень рады, что вам удобно было заранее записаться и что наш сервис оправдал ваши ожидания. Арману обязательно передадим ваши слова.😊\nОпоздание не помешало нам помочь вам быстро и качественно, и мы искренне рады, что вы остались довольны. Будем рады видеть вас снова и обещаем и дальше стараться для вас!\nДо новых встреч!'};0;2gis;
206582034;2025-12-19;01:46:50;5;Хороший сервис, быстро и качественно;Пользователь 2ГИС;False;False;;0;1;{'date_created': '2026-01-16T16:40:54.553235+07:00', 'id': '59863915', 'logo_preview_urls': {}, 'org_name': 'Freedom Drive, шиномонтаж', 'text': 'Спасибо вам за оставленный отзыв, ваше довольство лучшая награда для нас!'};0;2gis;
206348472;2025-12-17;20:32:51;5;Отличный сервис, ребята помогли и в сделали все . Спасибо за ваш труд;888 User;False;False;;0;1;{'date_created': '2026-01-16T16:43:02.974021+07:00', 'id': '59864075', 'logo_preview_urls': {}, 'org_name': 'Freedom Drive, шиномонтаж', 'text': 'Очень рады, что вам всё понравилось, пожалуйста приезжайте к нам снова!'};0;2gis;
205669562;2025-12-14;03:02:48;5;Благодарю мастера который работал 13.12.2025 г, прекрасное обслуживание, хороший сервис качество и сервис на высоте.;Ludmila Ludmila;False;False;;0;1;{'date_created': '2026-01-16T16:44:57.831783+07:00', 'id': '59864211', 'logo_preview_urls': {}, 'org_name': 'Freedom Drive, шиномонтаж', 'text': 'Ludmila спасибо вам за оценку и отзыв, ребятам обязательно передадим вашу благодарность! Будем ждать вас снова!'};2;2gis;
203379503;2025-12-02;14:31:04;3;Я бы поставила 5 звезд мастерам и 1 звезду этой системе Фридом. Мастера шиномонтажа молодцы, но система ужасная - колл-центр записывает на шиномонтаж, какой-то другой отдел привозит шины на место, отследить запись кто когда записан они не могут ( непонятно зачем тогда запись по времени, если они не знают кто когда записан), когда приехала к своему времени еще долго ждала. Негативное впечатление от фридома было сглажено мастерами шиномонтажа.;Aliya Dautova;False;False;;1;1;{'date_created': '2026-01-16T17:48:58.848896+07:00', 'id': '59868289', 'logo_preview_urls': {}, 'org_name': 'Freedom Drive, шиномонтаж', 'text': 'Aliya, спасибо вам за отзыв. Да действительно, у нас каждый занимается своим делом, Колл центр отвечает за коммуникацию с покупателем, в том числе и помогает записаться на шиномонтаж, хранением занимается менеджер по хранению и перевозкой отдел логистики, все это работает через СРМ систему. Доступ к просмотру и редактированию записей имеет не каждый менеджер Колл центра, но ответ должны сообщить при вашем запросе сразу. Нам очень жаль, что у вас получился данный опыт. Пожалуйста, обратитесь к нам снова и если вдруг что то пойдет не так, попросите соединить со Службой качества обслуживания, мы постараемся организовать всё по максимум. Всего вам доброго и безопасного сезона!'};0;2gis;
203055035;2025-11-30;19:36:07;5;Быстро сделали, качественно!;Artem Chelnokov;False;False;;0;1;{'date_created': '2026-01-16T17:57:49.928353+07:00', 'id': '59868866', 'logo_preview_urls': {}, 'org_name': 'Freedom Drive, шиномонтаж', 'text': 'Artem, здравствуйте! Нам очень приятно, что смогли сэкономить вам время не теряя качества! Будем счастливы видеть вас снова!'};0;2gis;
200384803;2025-11-17;23:01:07;1;Люди не верьте самая без ответная фирма в моей жизни обманывают и операторы и все никогда в жизни не ведитесь на их оьман;Жазира Кандибаева;False;False;;0;1;{'date_created': '2026-01-19T20:03:56.940586+07:00', 'id': '60010403', 'logo_preview_urls': {}, 'org_name': 'Freedom Drive, шиномонтаж', 'text': 'Добрый день Жазира, пожалуйста сообщите нам на почту claims@fdrive.kz. что случилось, мы обязательно во всем разберемся.'};0;2gis;
198694422;2025-11-10;13:34:22;1;"К сожалению, крайне разочарован обслуживанием этой компании. Сдал на хранение абсолютно новую резину — спустя время сотрудники не смогли её найти. Поддержка на звонки и сообщения не отвечает. Ощущение полной безответственности и отсутствия контроля за имуществом клиентов. Не рекомендую обращаться.
Болат (+7 747 648 14 51)";Arman Nadirov;False;False;;1;1;{'date_created': '2026-01-20T18:10:53.080801+07:00', 'id': '60058196', 'logo_preview_urls': {}, 'org_name': 'Freedom Drive, шиномонтаж', 'text': 'Добрый день Болат, под вашим номером хранения шины числятся выданы. Шины хранятся у нас за городом в специально отведенном на складе месте. Для перемещения шин на точку самовывоза закладывается 2-3 дня. Напишите пожалуйста решен ли вопрос с хранением, которое вы у нас оставляли?'};0;2gis;
198363958;2025-11-08;17:26:44;1;Записывалась онлайн на сайте на шиномонтаж, вышло, что все отлично, записано, а но факту оказалось, что записи нет. Хорошо, что я догадалась позвонить заранее и уточнить, потому что меня насторожило отсутствие смс. Так что имейте у виду, что запись на сайте не работает;Alma Karabassova;False;False;;2;1;{'date_created': '2026-01-20T18:16:20.530801+07:00', 'id': '60058645', 'logo_preview_urls': {}, 'org_name': 'Freedom Drive, шиномонтаж', 'text': 'Добрый день Алма, Возможно произошла какая то системная ошибка, проблем сейчас с записью ни каких нет, можно смело записываться. Запись на шиномонтаж в данное время осуществляется без смс уведомления.'};0;2gis;
197455227;2025-11-03;20:49:35;1;Очень жалею что связался с этой конторой. Оплатил. Прождал первый день.зря . Второй день обещали доставить. Оказывается другой размер. Даже не говорят, не обещают доставить завтра- после завтра. Звоню на фирму- даже трубу не берут. С таким хамским отношением сталкиваюсь впервые. Соб раюсь подавать в суд.;Толеубек Мурзабаев;False;False;;1;1;{'date_created': '2026-01-20T18:24:13.981591+07:00', 'id': '60059393', 'logo_preview_urls': {}, 'org_name': 'Freedom Drive, шиномонтаж', 'text': 'Добрый день Толеубек, извините пожалуйста за задержку в доставке. Сообщите нам пожалуйста номер заказа, во всем разберемся и дадим обратную связь'};0;2gis;
197452039;2025-11-03;20:34:42;1;Заказала зимние шины неделю назад. До сих пор не привезли. На телефонные звонки / уатсап не отвечают. В указанный срок не привезли, я отменила все планы, ждала их. В итоге не дозвонилась, написали сами на уатсап мне что задерживается на один день. На следующий день так же нет ответа от них. Сервис и несерьезность к своей работе 0.;Dinara Abdildayeva;False;False;;3;1;{'date_created': '2026-01-05T19:43:50.991185+07:00', 'id': '59345258', 'logo_preview_urls': {}, 'org_name': 'Freedom Drive, шиномонтаж', 'text': 'Здравствуйте Динара, извините за задержку, к сожалению бывает всё не гладко, везде работают люди, нагрузка в период сезона колоссальная, мы не оправдываемся этим, но нам тоже не удобно перед вами, что доставили неудобство.'};0;2gis;
197385243;2025-11-03;15:31:34;1;Записана была на 13/30 на шиномонтаж. Приехала в 13:20, стоят ещё 5 машин, сейчас меняют только тем, кто в 12:30 записался. Ждать ещё 1,5 часа. Ужас! Больше здесь не буду оставлять на хранение и замену резины.;Жанара М;False;False;;2;1;{'date_created': '2026-01-05T19:36:59.033817+07:00', 'id': '59344996', 'logo_preview_urls': {}, 'org_name': 'Freedom Drive, шиномонтаж', 'text': 'Здравствуйте Жанара, не отрицаем из-за активной работы бывало и такое, что оборудование выходило из строя и очередь сдвигалась при ремонте. Скорей всего было связано с этим, очень сожалеем, что так вышло, извините пожалуйста за неудобство!'};0;2gis;
197052620;2025-11-01;22:45:51;1;"Отвратительынй сервис. Хранение шин вечно не найти потом ни номер ни чего. И постоянно сложности с этим. Заказал шины зимние. И доставку повременить выбрал удобную. Опаздали с доставкой на 3 часа. Из за чего принимала жена(весом 47кг) шины. Доставщик вытащил и оставил у подъезда их. Жене пришлось поднимать до квартиры. 
Кэшбек хваленый, понятно дело что до95.000 кэшбека это до. Но за шины стоимостью 600.000 кэшбек всего ~6000. Опечален сильно. Вернусь к конкурентам.";Артём Журавлев;False;False;;1;1;{'date_created': '2026-01-05T18:58:10.248093+07:00', 'id': '59343363', 'logo_preview_urls': {}, 'org_name': 'Freedom Drive, шиномонтаж', 'text': 'Здравствуйте Артём, \n-Насчёт хранения, информация немного не понятна, просим уточнить. \n-С доставкой очень сожалеем, что пришлось принимать шины вашей супруге, курьером запрещено покидать авто, так как это связано с безопасностью товара в кузове, и курьера. \n-Насчёт Кэшбэка: при оформлении заказа при выборе способа оплаты, вам сразу показывается какой Кэшбэк будет вам начислен, тут нет секретного, всё прозрачно. Сожалеем, что если сделано не интуитивно понятным - работаем над этим.\nВсего вам доброго!'};0;2gis;
196968709;2025-11-01;16:40:15;5;Быстро переобули на зимние шины!;N K;False;False;;0;1;{'date_created': '2026-01-05T17:51:16.376971+07:00', 'id': '59339742', 'logo_preview_urls': {}, 'org_name': 'Freedom Drive, шиномонтаж', 'text': 'Добрый день! Отлично! Спасибо, что оценили нас!'};1;2gis;
196472737;2025-10-30;12:44:24;1;Не дозвонится второй день, зачем указываете номера?;Пользователь Пользователь;False;False;;0;1;{'date_created': '2025-10-31T21:32:28.387877+07:00', 'id': '56091966', 'logo_preview_urls': {}, 'org_name': 'Freedom Drive, шиномонтаж', 'text': 'Добрый день! Извините пожалуйста, да действительно начался сезон и нагрузка увеличилась, к сожалению пропускаем звонки и не успеваем всем ответить. Пожалуйста напишите нам на номер +7 771 780 59 26, постараемся ответить на ваши запросы.'};1;2gis;
194292559;2025-10-21;01:02:05;5;Отличный сервис, очень быстро и оперативно отработали. Спасибо!;Mira Khalina;False;False;;0;1;{'date_created': '2025-10-21T12:31:18.122918+07:00', 'id': '55477346', 'logo_preview_urls': {}, 'org_name': 'Freedom Drive, шиномонтаж', 'text': 'Здравствуйте Mira большое спасибо вам за отзыв, рады стараться!'};0;2gis;
194118141;2025-10-20;09:46:52;5;Быстро меняют шины;Нурканат Байсенкул;False;False;;0;1;{'date_created': '2025-10-21T12:14:52.5425+07:00', 'id': '55476324', 'logo_preview_urls': {}, 'org_name': 'Freedom Drive, шиномонтаж', 'text': 'Нурканат, спасибо вам за отзыв! Очень рады что вам все понравилось! Всего вам доброго, безопасного сезона!'};0;2gis;
192177370;2025-10-11;22:31:30;5;Купил резину у них. Все сделали оперативно и аккуратно. Рекомендую👍;Руслан Копеев;False;False;;0;1;{'date_created': '2025-10-13T19:43:34.21519+07:00', 'id': '55067313', 'logo_preview_urls': {}, 'org_name': 'Freedom Drive, шиномонтаж', 'text': 'Руслан, Ваша рекомендация очень ценна для нас! Спасибо что выбрали нас!'};0;2gis;
189974307;2025-10-01;01:38:38;5;Заклеили камеру;Milkyway 🌸🏀;False;False;;0;1;{'date_created': '2025-10-09T16:07:38.248802+07:00', 'id': '54859277', 'logo_preview_urls': {}, 'org_name': 'Freedom Drive, шиномонтаж', 'text': 'Добрый день Канат, спасибо вам за отзыв и оценку!'};0;2gis;
184842004;2025-09-07;00:28:03;5;Благодарю Ильдара и ребят за четкую работу. Купил резину 255х50 r20, привезли, установили, ехать 4000 км., проехал без проблем. Рекомендую.;Альберт;False;False;;0;1;{'date_created': '2025-09-24T12:05:31.752061+07:00', 'id': '54031683', 'logo_preview_urls': {'1920x': 'https://ams2-cdn.2gis.com/previews/1116472090719944707/7c48a9bc-ea6f-4a11-85dc-8abec9acf8a5/1/ru/image_1920.png', '320x': 'https://ams2-cdn.2gis.com/previews/1116472090719944707/7c48a9bc-ea6f-4a11-85dc-8abec9acf8a5/1/ru/image_320.png', '640x': 'https://ams2-cdn.2gis.com/previews/1116472090719944707/7c48a9bc-ea6f-4a11-85dc-8abec9acf8a5/1/ru/image_640.png', '64x64': 'https://ams2-cdn.2gis.com/previews/1116472090719944707/7c48a9bc-ea6f-4a11-85dc-8abec9acf8a5/1/ru/image_64_64.png', 'url': 'https://ams2-cdn.2gis.com/previews/1116472090719944707/7c48a9bc-ea6f-4a11-85dc-8abec9acf8a5/1/ru/image.png'}, 'org_name': 'Freedom Drive, шиномонтаж', 'text': 'Здравствуйте Альберт, передали благодарность Ильдару, спасибо вам что написали! Всего вам доброго и безопасных дорог!'};0;2gis;
183664362;2025-09-03;19:23:58;5;Супер обслуживание, сделали все четко. Пробил колесо, быстро устранили проблемы. Агашка с Вулканизации молодец;Apple User;False;False;;0;1;{'date_created': '2025-09-24T12:03:42.91008+07:00', 'id': '54031607', 'logo_preview_urls': {'1920x': 'https://ams2-cdn.2gis.com/previews/1116472090719944707/7c48a9bc-ea6f-4a11-85dc-8abec9acf8a5/1/ru/image_1920.png', '320x': 'https://ams2-cdn.2gis.com/previews/1116472090719944707/7c48a9bc-ea6f-4a11-85dc-8abec9acf8a5/1/ru/image_320.png', '640x': 'https://ams2-cdn.2gis.com/previews/1116472090719944707/7c48a9bc-ea6f-4a11-85dc-8abec9acf8a5/1/ru/image_640.png', '64x64': 'https://ams2-cdn.2gis.com/previews/1116472090719944707/7c48a9bc-ea6f-4a11-85dc-8abec9acf8a5/1/ru/image_64_64.png', 'url': 'https://ams2-cdn.2gis.com/previews/1116472090719944707/7c48a9bc-ea6f-4a11-85dc-8abec9acf8a5/1/ru/image.png'}, 'org_name': 'Freedom Drive, шиномонтаж', 'text': 'Добрый день, спасибо вам за отзыв! Очень рады что вы остались довольны работой наших сотрудников!'};0;2gis;
181737701;2025-08-29;10:23:10;1;Дорого за шнур просили 3К;DIMASH ADILBAY;False;False;;0;1;{'date_created': '2025-09-24T11:41:19.763476+07:00', 'id': '54030709', 'logo_preview_urls': {'1920x': 'https://ams2-cdn.2gis.com/previews/1116472090719944707/7c48a9bc-ea6f-4a11-85dc-8abec9acf8a5/1/ru/image_1920.png', '320x': 'https://ams2-cdn.2gis.com/previews/1116472090719944707/7c48a9bc-ea6f-4a11-85dc-8abec9acf8a5/1/ru/image_320.png', '640x': 'https://ams2-cdn.2gis.com/previews/1116472090719944707/7c48a9bc-ea6f-4a11-85dc-8abec9acf8a5/1/ru/image_640.png', '64x64': 'https://ams2-cdn.2gis.com/previews/1116472090719944707/7c48a9bc-ea6f-4a11-85dc-8abec9acf8a5/1/ru/image_64_64.png', 'url': 'https://ams2-cdn.2gis.com/previews/1116472090719944707/7c48a9bc-ea6f-4a11-85dc-8abec9acf8a5/1/ru/image.png'}, 'org_name': 'Freedom Drive, шиномонтаж', 'text': 'Добрый день DIMASH, у нас есть фиксированный прайс, предоставляя услугу компания дает гарантию на проделанную работу, вы оценку нам поставили относительно чего? обслуживания или стоимости? вы услугу у нас получили?'};0;2gis;
171903179;2025-07-15;14:54:21;5;Хороший сервис, поменяли шины быстро, аккуратно, рекомендую!;Alexandr Tsoy;False;False;;0;1;{'date_created': '2025-07-23T20:24:42.032661+07:00', 'id': '50578222', 'logo_preview_urls': {'1920x': 'https://ams2-cdn.2gis.com/previews/1116472090719944707/7c48a9bc-ea6f-4a11-85dc-8abec9acf8a5/1/ru/image_1920.png', '320x': 'https://ams2-cdn.2gis.com/previews/1116472090719944707/7c48a9bc-ea6f-4a11-85dc-8abec9acf8a5/1/ru/image_320.png', '640x': 'https://ams2-cdn.2gis.com/previews/1116472090719944707/7c48a9bc-ea6f-4a11-85dc-8abec9acf8a5/1/ru/image_640.png', '64x64': 'https://ams2-cdn.2gis.com/previews/1116472090719944707/7c48a9bc-ea6f-4a11-85dc-8abec9acf8a5/1/ru/image_64_64.png', 'url': 'https://ams2-cdn.2gis.com/previews/1116472090719944707/7c48a9bc-ea6f-4a11-85dc-8abec9acf8a5/1/ru/image.png'}, 'org_name': 'Freedom Drive, шиномонтаж', 'text': 'Здравствуйте Александр! спасибо что написали, ваша рекомендация для нас очень важна и ценна! Пусть всегда и везде вас окружает качественный сервис! 🫶🏻'};1;2gis;
171575435;2025-07-13;22:55:12;5;"Приехал без ожиданий, в итоге:
- резину привезли вовремя
- коммуникация по WA
- вежливый и профессиональный мастер все сделал быстро и качественно. Исправил ошибки прошлых мастеров из других сервисов";Peter B;False;False;;0;1;{'date_created': '2025-07-23T20:16:58.562971+07:00', 'id': '50577657', 'logo_preview_urls': {'1920x': 'https://ams2-cdn.2gis.com/previews/1116472090719944707/7c48a9bc-ea6f-4a11-85dc-8abec9acf8a5/1/ru/image_1920.png', '320x': 'https://ams2-cdn.2gis.com/previews/1116472090719944707/7c48a9bc-ea6f-4a11-85dc-8abec9acf8a5/1/ru/image_320.png', '640x': 'https://ams2-cdn.2gis.com/previews/1116472090719944707/7c48a9bc-ea6f-4a11-85dc-8abec9acf8a5/1/ru/image_640.png', '64x64': 'https://ams2-cdn.2gis.com/previews/1116472090719944707/7c48a9bc-ea6f-4a11-85dc-8abec9acf8a5/1/ru/image_64_64.png', 'url': 'https://ams2-cdn.2gis.com/previews/1116472090719944707/7c48a9bc-ea6f-4a11-85dc-8abec9acf8a5/1/ru/image.png'}, 'org_name': 'Freedom Drive, шиномонтаж', 'text': 'Здравствуйте Peter B, спасибо вам за отзыв! Мы очень рады, что оказались для вас удобным сервисом, пожалуйста обращайтесь к нам снова, будем вас ждать!'};0;2gis;
171098462;2025-07-12;01:58:07;5;Очень переживала довериться, тк начиталась плохих отзывов тут. Заказали шины, записались там же на шиномонтаж. Привезли шины со склада быстрее, чем планировалось. Никакой очереди. Быстро ребята заменили, подписали доки, дали пакеты для старых колес. В общем мы очень довольны оперативностью, ценой шин, качеством, сервисом;D M;False;False;;0;1;"{'date_created': '2025-07-23T20:13:54.813762+07:00', 'id': '50577448', 'logo_preview_urls': {'1920x': 'https://ams2-cdn.2gis.com/previews/1116472090719944707/7c48a9bc-ea6f-4a11-85dc-8abec9acf8a5/1/ru/image_1920.png', '320x': 'https://ams2-cdn.2gis.com/previews/1116472090719944707/7c48a9bc-ea6f-4a11-85dc-8abec9acf8a5/1/ru/image_320.png', '640x': 'https://ams2-cdn.2gis.com/previews/1116472090719944707/7c48a9bc-ea6f-4a11-85dc-8abec9acf8a5/1/ru/image_640.png', '64x64': 'https://ams2-cdn.2gis.com/previews/1116472090719944707/7c48a9bc-ea6f-4a11-85dc-8abec9acf8a5/1/ru/image_64_64.png', 'url': 'https://ams2-cdn.2gis.com/previews/1116472090719944707/7c48a9bc-ea6f-4a11-85dc-8abec9acf8a5/1/ru/image.png'}, 'org_name': 'Freedom Drive, шиномонтаж', 'text': 'Добрый день Дария, спасибо что доверились, бывают разные случаи, но ни один отзыв не остается без внимания, у нас есть отдел по поддержке клиентов ""служба качества обслуживания"" мы всегда готовы разобрать любые случаи. Спасибо вам за отзыв! Безопасных вам дорог и хорошего настроения!'}";1;2gis;
153550897;2025-04-21;13:24:39;1;"Самая безответственная, неорганизованная компания на свете!!!!! Дважды перенесли нашу запись, то шины не могут найти, то не успели привезти, очень пожалели что ушли с другой компании в эту сырую компанию, это была наша самая большая, теперь забираем (надеюсь что заберем) наши шины и вернемся в прежнюю которая в 100000 раз как оказалось лучше!!!! Никому не советую тут обслуживаться, поберегите свои нервы!

Еще они по записи никогда не принимают, бардак полнейший, часа 2-3 ждешь пока примут тебя
 
Акт приема-передачи на ответственное хранение #497

Покупка 70000165 
6600 тг

На фото переписка где нам во второй раз перенесли запись, первый раз мы приехали туда и нас развернули обратно сказав что шин нет не привезли. ";Нуржамал Бигалиева;False;False;;0;3;{'date_created': '2025-04-30T14:11:54.106004+07:00', 'id': '46080171', 'logo_preview_urls': {'1920x': 'https://ams2-cdn.2gis.com/previews/1116472090719944707/7c48a9bc-ea6f-4a11-85dc-8abec9acf8a5/1/ru/image_1920.png', '320x': 'https://ams2-cdn.2gis.com/previews/1116472090719944707/7c48a9bc-ea6f-4a11-85dc-8abec9acf8a5/1/ru/image_320.png', '640x': 'https://ams2-cdn.2gis.com/previews/1116472090719944707/7c48a9bc-ea6f-4a11-85dc-8abec9acf8a5/1/ru/image_640.png', '64x64': 'https://ams2-cdn.2gis.com/previews/1116472090719944707/7c48a9bc-ea6f-4a11-85dc-8abec9acf8a5/1/ru/image_64_64.png', 'url': 'https://ams2-cdn.2gis.com/previews/1116472090719944707/7c48a9bc-ea6f-4a11-85dc-8abec9acf8a5/1/ru/image.png'}, 'org_name': 'Freedom Drive, шиномонтаж', 'text': 'Добрый день Нуржамал, Пожалуйста напишите нам на Whats app по номеру +7 771 780 9438 во всем разберемся.'};1;2gis;
151015858;2025-04-09;14:12:19;1;"Записался за день, приехал вовремя. (запись на 11:30 9 апреля 2025). Передо мной стоят две машины, которые были записаны на 10:30 и 11:00 – работа не идёт, сломалась защитная накладка на аппарате шиномонтажа. Мастер сказал, что уже месяц как просил начальство заменить накладку. И вот сегодня она полностью отвалилась. 
Тот самый случай, когда рекламы много, штат сотрудников бэкофиса, а внимания к деталям мало. 
Понятно было, что мне шиномонтаж мне сделать не смогут, однако никто заранее не позвонил и не предупредил. Потерянное время. 
Заслуженная одна звезда уходит в копилку этого чудного сервиса. Турлову привет. 
Удачи на дорогах!";Alexey Smart;False;False;;1;1;{'date_created': '2025-04-11T14:51:25.072444+07:00', 'id': '45145547', 'logo_preview_urls': {'1920x': 'https://ams2-cdn.2gis.com/previews/1116472090719944707/7c48a9bc-ea6f-4a11-85dc-8abec9acf8a5/1/ru/image_1920.png', '320x': 'https://ams2-cdn.2gis.com/previews/1116472090719944707/7c48a9bc-ea6f-4a11-85dc-8abec9acf8a5/1/ru/image_320.png', '640x': 'https://ams2-cdn.2gis.com/previews/1116472090719944707/7c48a9bc-ea6f-4a11-85dc-8abec9acf8a5/1/ru/image_640.png', '64x64': 'https://ams2-cdn.2gis.com/previews/1116472090719944707/7c48a9bc-ea6f-4a11-85dc-8abec9acf8a5/1/ru/image_64_64.png', 'url': 'https://ams2-cdn.2gis.com/previews/1116472090719944707/7c48a9bc-ea6f-4a11-85dc-8abec9acf8a5/1/ru/image.png'}, 'org_name': 'Freedom Drive, шиномонтаж', 'text': 'Добрый день Алексей, Спасибо за ваш отзыв. Да, действительно был такой случай. Иногда такое бывает, что оборудование выходит из строя. Как только узнали об этом, отправили другого специалиста на подстраховку, остальные клиенты были обзвонены и записаны на другую точку нашего монтажа, шины с хранения перемещены по адресу другого монтажа с Рамстора, и вам тоже предложили пере записаться. Вы отказались. В течении 2-ух часов проблема была устранена и продолжена работа. Спасибо за ваш вклад в нашу копилку, мы его преумножим! Желаем вам безопасных дорог и всегда во всем иметь довольство! Всего доброго!'};0;2gis;
146779160;2025-03-22;16:56:57;3;Быстро меняют, удобное расположение и запись с сайта можно сделать. Почему 3 звёзды ? Выехал после переобувки на альфараби грузики отлетели :D;Жак Фреско;False;False;;0;2;{'date_created': '2025-04-11T15:44:01.197444+07:00', 'id': '45148939', 'logo_preview_urls': {'1920x': 'https://ams2-cdn.2gis.com/previews/1116472090719944707/7c48a9bc-ea6f-4a11-85dc-8abec9acf8a5/1/ru/image_1920.png', '320x': 'https://ams2-cdn.2gis.com/previews/1116472090719944707/7c48a9bc-ea6f-4a11-85dc-8abec9acf8a5/1/ru/image_320.png', '640x': 'https://ams2-cdn.2gis.com/previews/1116472090719944707/7c48a9bc-ea6f-4a11-85dc-8abec9acf8a5/1/ru/image_640.png', '64x64': 'https://ams2-cdn.2gis.com/previews/1116472090719944707/7c48a9bc-ea6f-4a11-85dc-8abec9acf8a5/1/ru/image_64_64.png', 'url': 'https://ams2-cdn.2gis.com/previews/1116472090719944707/7c48a9bc-ea6f-4a11-85dc-8abec9acf8a5/1/ru/image.png'}, 'org_name': 'Freedom Drive, шиномонтаж', 'text': 'Здравствуйте Жак, спасибо что написали. Пожалуйста свяжитесь с нами по whats app номеру 87717809438 разберемся во всем.'};0;2gis;
146701671;2025-03-22;04:49:03;5;Отличный сервис, храню шины здесь и переобуваюсь уже не первый год ;Асия Хусаинова;False;False;;0;1;{'date_created': '2025-04-03T21:58:13.85491+07:00', 'id': '44733888', 'logo_preview_urls': {'1920x': 'https://ams2-cdn.2gis.com/previews/1116472090719944707/22086832-56f0-4fc8-9aff-08c0f8184a6e/1/ru/image_1920.png', '320x': 'https://ams2-cdn.2gis.com/previews/1116472090719944707/22086832-56f0-4fc8-9aff-08c0f8184a6e/1/ru/image_320.png', '640x': 'https://ams2-cdn.2gis.com/previews/1116472090719944707/22086832-56f0-4fc8-9aff-08c0f8184a6e/1/ru/image_640.png', '64x64': 'https://ams2-cdn.2gis.com/previews/1116472090719944707/22086832-56f0-4fc8-9aff-08c0f8184a6e/1/ru/image_64_64.png', 'url': 'https://ams2-cdn.2gis.com/previews/1116472090719944707/22086832-56f0-4fc8-9aff-08c0f8184a6e/1/ru/image.png'}, 'org_name': 'Freedom Drive, шиномонтаж', 'text': 'Добрый день. Спасибо вам большое за приятный отклик 🔥 Были рады вас видеть 💛'};0;2gis;
144858269;2025-03-12;16:53:54;5;Шиномонтаж. Я здесь работаю 🤝👍💪;Александр Евдокимов;False;False;;1;1;{'date_created': '2025-04-11T16:29:12.901057+07:00', 'id': '45151993', 'logo_preview_urls': {'1920x': 'https://ams2-cdn.2gis.com/previews/1116472090719944707/7c48a9bc-ea6f-4a11-85dc-8abec9acf8a5/1/ru/image_1920.png', '320x': 'https://ams2-cdn.2gis.com/previews/1116472090719944707/7c48a9bc-ea6f-4a11-85dc-8abec9acf8a5/1/ru/image_320.png', '640x': 'https://ams2-cdn.2gis.com/previews/1116472090719944707/7c48a9bc-ea6f-4a11-85dc-8abec9acf8a5/1/ru/image_640.png', '64x64': 'https://ams2-cdn.2gis.com/previews/1116472090719944707/7c48a9bc-ea6f-4a11-85dc-8abec9acf8a5/1/ru/image_64_64.png', 'url': 'https://ams2-cdn.2gis.com/previews/1116472090719944707/7c48a9bc-ea6f-4a11-85dc-8abec9acf8a5/1/ru/image.png'}, 'org_name': 'Freedom Drive, шиномонтаж', 'text': 'Александр, спасибо что вы с нами!'};0;2gis;
139652348;2025-02-15;12:22:25;5;Качественный сервис! Оперативно работают! Оккуратные!;Вадим Денисенко;False;False;;1;1;{'date_created': '2025-04-11T16:27:55.922701+07:00', 'id': '45151913', 'logo_preview_urls': {'1920x': 'https://ams2-cdn.2gis.com/previews/1116472090719944707/7c48a9bc-ea6f-4a11-85dc-8abec9acf8a5/1/ru/image_1920.png', '320x': 'https://ams2-cdn.2gis.com/previews/1116472090719944707/7c48a9bc-ea6f-4a11-85dc-8abec9acf8a5/1/ru/image_320.png', '640x': 'https://ams2-cdn.2gis.com/previews/1116472090719944707/7c48a9bc-ea6f-4a11-85dc-8abec9acf8a5/1/ru/image_640.png', '64x64': 'https://ams2-cdn.2gis.com/previews/1116472090719944707/7c48a9bc-ea6f-4a11-85dc-8abec9acf8a5/1/ru/image_64_64.png', 'url': 'https://ams2-cdn.2gis.com/previews/1116472090719944707/7c48a9bc-ea6f-4a11-85dc-8abec9acf8a5/1/ru/image.png'}, 'org_name': 'Freedom Drive, шиномонтаж', 'text': 'Добрый день Вадим, Спасибо вам за отзыв и отличную оценку! Пожалуйста приезжайте к нам снова!'};0;2gis;
137323282;2025-02-02;14:11:13;5;Удобное расположение, аккуратный сервис. Оперативно решили проблему с колесом!;Apple User;False;False;;0;1;{'date_created': '2025-04-11T16:26:03.924404+07:00', 'id': '45151771', 'logo_preview_urls': {'1920x': 'https://ams2-cdn.2gis.com/previews/1116472090719944707/7c48a9bc-ea6f-4a11-85dc-8abec9acf8a5/1/ru/image_1920.png', '320x': 'https://ams2-cdn.2gis.com/previews/1116472090719944707/7c48a9bc-ea6f-4a11-85dc-8abec9acf8a5/1/ru/image_320.png', '640x': 'https://ams2-cdn.2gis.com/previews/1116472090719944707/7c48a9bc-ea6f-4a11-85dc-8abec9acf8a5/1/ru/image_640.png', '64x64': 'https://ams2-cdn.2gis.com/previews/1116472090719944707/7c48a9bc-ea6f-4a11-85dc-8abec9acf8a5/1/ru/image_64_64.png', 'url': 'https://ams2-cdn.2gis.com/previews/1116472090719944707/7c48a9bc-ea6f-4a11-85dc-8abec9acf8a5/1/ru/image.png'}, 'org_name': 'Freedom Drive, шиномонтаж', 'text': 'Добрый день, очень рады, что оказались полезными в нужное время и оперативно! Спасибо вам за отзыв!'};0;2gis;
131121510;2024-12-31;12:18:52;5;Отличный сервис;Адиль Идрисов;False;False;;0;1;{'date_created': '2025-01-08T13:46:58.433892+07:00', 'id': '40223500', 'logo_preview_urls': {}, 'org_name': 'Freedom Drive, шиномонтаж', 'text': 'Адиль Спасибо за отзыв! Будем вас ждать снова!😉'};0;2gis;
122753858;2024-11-18;22:02:20;1;"Я всегда меняю шины во «Фридоме» в «Рамсторе» на Назарбаева, 226. Раньше был хороший мастер, а сейчас работает какой-то не понятный человек. Недавно поменял летние шины на зимние, но давление в шинах у всех было разное. Что там трудного? 
И Не давно Я был у них из того чтобы у шины проколоть от болта починить. Но этот мастер даже не проверял говорит все нормально и сказал что убрать машину. И он сказал не мешать работать. Что я ему помешал? Я не понял просто. И я пошёл в другом месте починил шины. Если он занят был тогда мог предложить записать на другой время. 
Спасибо большое.";DW LEE;False;False;;3;1;{'date_created': '2024-12-25T13:14:05.694042+07:00', 'id': '39745582', 'logo_preview_urls': {}, 'org_name': 'Freedom Drive, шиномонтаж', 'text': 'Здравствуйте! Спасибо что написали нам, сообщили информацию руководителю сервиса и он обещал поговорить с ребятами в плане менеджерского подхода к клиенту. Извините пожалуйста за неудобства, не исключаем, что это было в разгар сезона, а в это время нагрузка на монтажников возрастает очень сильно! а запись на монтаж забита на неделю вперед. Это конечно не оправдывает нас. Вы всегда можете написать нам в Службу Качества обслуживания Freedom Drive и мы попробуем разобраться во всем на месте.'};2;2gis;
120512639;2024-11-07;21:55:52;1;Мало того что колёса в разнобой поставили, но ещё и балансировку не сделали вообще. Не давно менял у них шины, 20 диски. До этого машина стояла в гараже. Выехал в Астану. Еду по трассе 50-60км, машину начинает трясти. По дороге нашёл шиномонтажку чтоб проверить датчики и балансировку. Мастер был удивлён, колёса в разнобой, левая сторона на правой, а правая на левом. А про балансировку я вообще молчу, даже не потрудились снять заводские грузики. Просто переобули без балансировки и взяли за это 14к. Пришлось всё переделывать. Отдал агашке 11к и он всё красиво сделал. При том что у него  шарашкина контора. Сейчас никому и ничего не смогу доказать. Но усвоил урок. Всегда проверяйте какую бы услугу вы не делали. А то попадете как я, на 25к. На ровном месте. А вашу помойку фридом драйф я бы никому не посоветовал;Араман Адильжанов;False;False;;12;2;{'date_created': '2024-11-10T18:31:47.163263+07:00', 'id': '37510912', 'logo_preview_urls': {}, 'org_name': 'Freedom Drive, шиномонтаж', 'text': 'Здравствуйте, Араман. Чтобы наш отдел качества с вами связался, пожалуйста сообщите ваш номер телефона и дату записи. Я проверил записи на этот сервис с 4 по 7 ноября, клиента с вашим именем не нашел для опертивного реагирования. Чтобы шины правые с левыми местами ошибиться - нужно быть совсем новичком в шиномонтаже при установке направленных шин, коими не являются наши специалисты, прошедшие далеко не одно обучение. Араман, давайте с этим делом разберемся, если у вас есть дополнительная информация, прошу выйти к нам с письмом на почту отдела качества claims@fdrive.kz, если мы найдем хотя бы 1 факт данной проблемы - компания компенсирует вам 25 000.'};0;2gis;
120469352;2024-11-07;17:59:38;5;"Я сегодня меняла шины по адресу Назарбаева, 226. Предварительно записалась. Приняли во-время, поменяли шины оперативно и хорошо. Оплатила точно по прайсу.Спасибо мастерам.
Один недостаток: невозможно было мне и другим клиентам передо мной расплатиться по карточке через POS-терминал, потому что не было связи.
Но это вопрос скорее к Freedom Bank, почему не работает POS-терминал и почему нет связи?";Karlygash B;False;False;;1;1;{'date_created': '2024-12-25T13:46:40.46864+07:00', 'id': '39747679', 'logo_preview_urls': {}, 'org_name': 'Freedom Drive, шиномонтаж', 'text': 'Здравствуйте Карлыгаш! Спасибо вам за высокую оценку! Бывают к сожалению нюансы 😊 но самое главное, что вы остались довольны сервисом! Нам очень приятно, что вы отнеслись с пониманием! Безопасных вам дорог и хорошего настроения!'};0;2gis;
120361243;2024-11-06;23:32:08;1;Больше ни ногой сюда. Бардак и хаус. Что за наёмники работают у вас? Что за халатность по отношению к клиенту? Что за ценовая политика у вас? Разные цены, разным клиентам. Хоть на сайте всё чётко указано, за 18 размер 11500тг (кроссовер), а взяли с нас вместе с пакетами 15000тг. С соседа тоже взяли 15000 тыс за легковой. Времени не было стоять и ругаться с вашим работником. Пришлось заплатить. Но я знаю одно: Больше я и мои знакомые в этом сервисе не будут обслуживаться.;Сергей;False;False;;10;1;{'date_created': '2024-11-10T18:35:41.178797+07:00', 'id': '37511007', 'logo_preview_urls': {}, 'org_name': 'Freedom Drive, шиномонтаж', 'text': 'Сергей, спасибо за конструктивный отзыв. Действительно, есть некоторые разночтения классов автомобилей. В этом плане тяжело предусмотреть сразу все моменты и учесть мнения всех. В некоторых случаях вы считаете кроссовером то, что им не является и бывает наоборот. Тем не менее, соглашусь с вами - добавить прозрачности стоит. Будет здорово, если вы напишите нам сюда или на почту отдела качества claims@fdrive.kz ваш автомобиль и дату записи. Команда разберется, в случае, если с вас взяли лишнюю оплату - мы обязательно вернем ее! Заранее спасибо.'};0;2gis;
120278399;2024-11-06;15:11:26;1;Некомпетентный, безграмотный персонал. Не смогли поменять резину на Mercedes, порекомендовали купить машину попроще)));M.;False;False;;8;2;{'date_created': '2024-11-10T18:39:55.748764+07:00', 'id': '37511097', 'logo_preview_urls': {}, 'org_name': 'Freedom Drive, шиномонтаж', 'text': 'Здравствуйте. Провели проверку. Действительно оборудование не может обслужить некоторые большие размеры дисков. Да, согласен, это неприятно. При этом, команда считает, что лучше не предоставить услугу, нежели предоставить ее некачественно! Если у вас есть дополнительная информация или факты хамства со стороны специалиста сервиса - прошу предоставить, ведь по нашим данным этого не было.'};0;2gis;
120152879;2024-11-05;18:56:00;1;Меняла шины, 20 диски по прайсу 14.000, взяли 16.000. В колл центре сказали перезвонят, решат проблему, тишина!;Aneka;False;False;;11;1;{'date_created': '2024-11-10T18:37:44.667121+07:00', 'id': '37511048', 'logo_preview_urls': {}, 'org_name': 'Freedom Drive, шиномонтаж', 'text': 'Добрый день! Шины класса run flat требуют особого мастерства, внимания, упортсва и сил. Поэтому за каждое такое колесо по прайсу установлена доплата 500 тг. Я прошу нас простить, возможно стоило более удобно подготовить интерфейс с такой информацией, чтобы не допустить вашего негатива.'};0;2gis;
119466797;2024-11-02;13:06:51;1;"Записался на переобувку. Проходил мимо. Полный хаос. Маленький контейнер, вся территория обставлена шинами, зашёл во внутрь, там вообще не пройти. Человек больше похожий на клиента, а не на мастера, в чистой одежде сам откручивал колеса. Подумал стоит ли ждать. Просто уехал на абая сатпаева в тайр про. Не советую.

На правду обижаются и скрывают отчет)) ";Davlat Villy;False;False;;14;1;{'date_created': '2024-12-25T13:37:12.328371+07:00', 'id': '39747119', 'logo_preview_urls': {}, 'org_name': 'Freedom Drive, шиномонтаж', 'text': 'Добрый день Давлат! Да действительно в сезон много работы и на всех монтажах хаос и ажиотаж, у нас все по записи и клиенты обслуживаются вовремя. То что территория обставлена шинами объясняем тем, что наша компания занимается продажей шин через сайт ecar.kz и дальнейшим самовывозом с Шиномонтажа, а так же хранением, клиенты оставляют шины на хранение. А то что вы увидели человека который, откручивал колеса, скорей всего это был руководитель сервиса или работник службы качества обслуживания, которые помогали ребятам справиться с наплывом работы. Надеюсь вы поступили справедливо, позвонили и отменили запись, чтобы не распространять хаос. Всего вам доброго! Пусть вам сопутствует всегда качественный сервис!'};1;2gis;
119202209;2024-10-31;20:49:53;3;"Менял на прошлой недели Lixiang за 15тыс, а сегодня такую же машину поменяли за 20400. При чем, один сотрудник шиномонтажки сказал 15т, другой 20. В прайсе 21диски стоят 15тыс. Оказывается второй посчитал, что это джип а не кроссовер. Аргументы о том, что на прошлой неделе такая же машина стоила 15, ни к чему не привели. При уточнении в колл-центре девушка сказала, что это кроссовер, но решила уточнить, обещав перезвонить. По итогу никто не перезвонил, а я и спорить не стал, оплатил 20тыс. 
Вывод: название Фридом ни о чем не говорит, колхозный сервис. Хотя по качеству работы ребят, нареканий нет, сделали быстро. Они и сказали, что в офисе сами не знают как трактовать этот автомобиль, от этого и путаница. Так, что если хотите хороший сервис то лучше заехать на SCT, там есть где посидеть и находится недалеко. PS надеюсь в банке у них нет такого бардака.";Nurlan F;False;False;;11;4;{'date_created': '2024-11-10T18:42:49.409709+07:00', 'id': '37511164', 'logo_preview_urls': {}, 'org_name': 'Freedom Drive, шиномонтаж', 'text': 'Здравствуйте, Нурлан! Действительно, уже не первый раз столкнулись с ситуаций о том, как трактовать тот или иной размер и автомобиль от Li. На нашей стороне переговорили с мастерами, с руководителем сервиса. Стабилизировали данный вопрос. Спасибо большое за то, что подсветили ее!'};0;2gis;
116912089;2024-10-19;12:42:00;5;Большое спасибо Аманжолу и Нуржану за отличную работу! Переобували машину на зимнюю резину — все сделали аккуратно и профессионально. Видно, что ребята знают свое дело и относятся к работе с вниманием к деталям. Приятно иметь дело с такими мастерами! Рекомендую.;Марат;False;False;;0;1;{'date_created': '2024-12-25T14:36:38.658659+07:00', 'id': '39751220', 'logo_preview_urls': {}, 'org_name': 'Freedom Drive, шиномонтаж', 'text': 'Добрый день Марат! Очень рады что вам понравился сервис и ребята произвели на вас впечатление! Спасибо вам за рекомендацию и оценку, это очень важно для нас! Пожалуйста приезжайте к нам снова весной, монтаж немного передвинули вверх по той же улице на метров 20. Пусть вам всегда и везде сопутствует качественный сервис!'};0;2gis;
110226366;2024-09-10;14:07:45;5;Хорошая шиномонтажка! Второй сезон меняю здесь резину. Парни доброжелательные. Работают быстро и аккуратно. Выгрузят, упакуют в новые пакеты и загрузят. Раньше в смене было по два мастера и на замену шин уходило минут 20. В этот раз мастер по имени Олжас работал один. Но все равно весь процесс занял не более 30 минут;Ardak Aqtau;False;False;;0;1;{'date_created': '2024-12-25T16:01:45.150887+07:00', 'id': '39756632', 'logo_preview_urls': {}, 'org_name': 'Freedom Drive, шиномонтаж', 'text': 'Ардак, Спасибо вам за подробный, описывающий процесс и работников отзыв! мы любим такие отзывы 😊! Пожалуйста приезжайте к нам снова, будем ждать вас с нетерпением!🤗'};0;2gis;
105108448;2024-08-12;20:19:37;5;Хорошая шиномонтажка. В сезон не записаться. ;Krammer _;False;False;;0;1;{'date_created': '2024-08-13T11:41:58.348727+07:00', 'id': '33321978', 'logo_preview_urls': {}, 'org_name': 'Freedom Drive, шиномонтаж', 'text': 'Krammer, добрый день, Спасибо вам за отзыв и высокую оценку! Обычно сезон начинается именно в день обильных осадков, мы рекомендуем, перебортовывать шины заранее, чтобы обкатать новые шины, а так же привыкнуть к поведению б/у зимних шин. Всего вам доброго и безопасных дорог!'};0;2gis;
104630800;2024-08-10;21:20:31;5;Быстро, качественно и по записи!;Xenia Cherry;False;False;;0;1;{'date_created': '2024-08-12T14:41:32.035977+07:00', 'id': '33275401', 'logo_preview_urls': {}, 'org_name': 'Freedom Drive, шиномонтаж', 'text': 'Добрый день Ксения, Спасибо вам за отзыв! Мы очень рады, что вы в нас нашли решение, для качественного обслуживания своего авто! Ждем вас снова!'};0;2gis;
101839430;2024-08-07;11:32:20;5;Отличный сервис;Виктория Пугина;False;False;;0;1;{'date_created': '2024-08-07T13:05:43.953091+07:00', 'id': '33063163', 'logo_preview_urls': {}, 'org_name': 'Freedom Drive, шиномонтаж', 'text': 'Добрый день Виктория! Спасибо за ваш отзыв, это высшая награда за наши труды!'};0;2gis;
94566051;2024-08-03;17:09:46;2;За плату ставили новые баллоны. В результате, у одного колеса вылетела сердцевина соска, у другого упал один из грузиков.;Азизжан Мамиров;False;False;;8;1;{'date_created': '2024-08-05T12:22:34.777896+07:00', 'id': '32947701', 'logo_preview_urls': {}, 'org_name': 'Freedom Drive, шиномонтаж', 'text': 'Добрый день Азизжан, пожалуйста напишите нам на номер 8 747 011 26 32, во всем разберемся, все исправим.'};2;2gis;
90196918;2024-07-12;03:12:30;5;Быстро четко удобно 👍;Zhumartov Tlegen;False;False;;0;1;{'date_created': '2024-12-23T14:47:44.234997+07:00', 'id': '39640006', 'logo_preview_urls': {}, 'org_name': 'Freedom Drive, шиномонтаж', 'text': 'Добрый день, Спасибо вам за отзыв! Ждем вас снова!'};0;2gis;
85071627;2024-06-03;13:52:13;5;Супер сервис, записалась как в салон красоты, все сделали за 5 мин - поменяли колесо, проверили давление в шинах и поставили запаску. Верю в то что только клиентоориентированный сервис сможет преуспеть в наше время! Удачи вам! Приеду еще на смену шин в сезон;Maiya Kazhkenova;False;False;;1;1;{'date_created': '2024-06-03T20:18:37.073891+07:00', 'id': '30272252', 'logo_preview_urls': {}, 'org_name': 'Freedom Drive, шиномонтаж', 'text': 'Добрый день Maiya, спасибо что оценили нашу работу, Будем с нетерпением ждать вас снова! Всего вам доброго и хорошего настроения!'};0;2gis;
82257248;2024-05-11;17:38:09;5;Отличный шиномонтаж, работают оперативно и четко🔥 опытные мастера 👍;Yerdos Baibossynov;False;False;;1;1;{'date_created': '2024-05-13T13:46:25.804606+07:00', 'id': '29371929', 'logo_preview_urls': {}, 'org_name': 'Freedom Drive, шиномонтаж', 'text': 'Спасибо большое, очень приятно получать обратную связь 🙏 Будем ждать вас снова!'};0;2gis;
79801182;2024-04-21;22:06:18;5;"Рекомендую сервис. Ребята делают работу профессионально и быстро. Это не какая то шиномонтажка вдоль дороги в которой даже балансировку не делают. На след день после шиномтнтажа на диске слетел датчик. Ребята восстановили все без каких либо вопросов. 
Круто что есть запись. Мы девчонки привыкли к записям. Ну и это как то более цивильно. Планируется время твое и других посетителей.";la-leona;False;False;;1;1;{'date_created': '2024-04-23T18:52:23.549964+07:00', 'id': '28663825', 'logo_preview_urls': {}, 'org_name': 'Freedom Drive, шиномонтаж', 'text': 'Добрый вечер, la-leona! Огромное спасибо за отзыв и высокую оценку 🤗 Будем ждать вас снова!'};0;2gis;
79560109;2024-04-19;14:12:33;4;Ребята работают классно, но сервис немного хромает));Murat Temirgaliev;False;False;;0;1;{'date_created': '2024-04-19T14:48:29.322199+07:00', 'id': '28501765', 'logo_preview_urls': {}, 'org_name': 'Freedom Drive, шиномонтаж', 'text': 'Добрый день Мурат, пожалуйста сообщите, в чем именно хромает сервис по номеру ватсап 87470112632, нам это важно.'};0;2gis;
76951962;2024-03-24;14:05:27;1;"Претензия не так к работникам филиала, как к работникам call-центра, которые заявили, что в филиале шиномонтажа живая очередь. По факту приезда, оказалось, что приём только по записи. 

Я благодарен сотрудникам шиномонтажа, за то, что подсказали как выйти из этой ситуации и пошли навстречу. Несмотря на это, огромный палец вниз неграмотным работникам call-центра.";Олег Олег;False;False;;7;1;{'date_created': '2024-03-26T20:14:38.854771+07:00', 'id': '27528177', 'logo_preview_urls': {}, 'org_name': 'Freedom Drive, шиномонтаж', 'text': 'Добрый день Олег, в этот день действительно программа по записи не работала, и руководитель направления Шиномонтажей сообщил в Колл Центр эту информацию. Поэтому отправляли на живую очередь, конечно они должны были дать контакты шиномонтажа, для связи. Приносим извинения за неудобства, хорошо, что ребята на монтаже нашли возможность урегулировать ситуацию. Всего вам доброго!'};0;2gis;
75237128;2024-03-05;16:02:52;1;Переобувался здесь прошлой осенью и весной. Тогда работали молодые парни. Несколько дней назад приезжал менять резину, попал уже к взрослым мастерам. Работают не очень быстро,ну да ладно.  Но вчера вечером в самый дождь спустило колесо. Пришлось самому менять, т.к нужно было ехать. Но как на зло я не смог открутить колесные болты. Зачем так сильно затягивать? Пришлось вызывать мастеров с ближайшего сервиса. Оказалось золотник на вентиле не был закручен. На ровном месте попал на 10000тг.;Viktor Alexseev;False;False;;10;1;{'date_created': '2026-01-20T18:41:44.250579+07:00', 'id': '60060722', 'logo_preview_urls': {}, 'org_name': 'Freedom Drive, шиномонтаж', 'text': 'Добрый день Виктор, Странная ситуация, обычно если золотник не закрученный колесо спускается быстро и вы бы ощутили это в тот же день. Вы говорите, что оно у вас спустило через 2 дня после сервиса. Не исключено, что это может быть случай вандализма в том месте где вы оставляли авто.'};0;2gis;
70912424;2024-01-18;12:28:16;2;Поменял резину на зимнюю у них. В итоге все колеса поставили вразнобой. Датчик от левого переднего колеса на заднем правом. От заднего правого на заднем левом и т.д.;Alik Krzh;False;False;;2;6;{'date_created': '2024-01-18T13:00:39.15372+07:00', 'id': '25083628', 'logo_preview_urls': {}, 'org_name': 'Freedom Drive, шиномонтаж', 'text': 'Добрый день, пожалуйста напишите нам на номер 87470112632 попробуем во всем разобраться и исправить.'};0;2gis;
70653793;2024-01-15;18:07:34;5;Быстро поменяли, пацаны молодцы 👍🏽;Samsung User;False;False;;1;1;{'date_created': '2024-01-15T19:22:09.099514+07:00', 'id': '24986148', 'logo_preview_urls': {}, 'org_name': 'Freedom Drive, шиномонтаж', 'text': 'Здравствуйте! Спасибо большое за такой приятный отзыв 🙏👌 Рады стараться.'};0;2gis;
69240996;2023-12-29;10:55:46;5;Хорошая шинка, цены норм;Алдияр Ниязов;False;False;;1;1;{'date_created': '2023-12-29T11:36:53.126828+07:00', 'id': '24531086', 'logo_preview_urls': {}, 'org_name': 'Freedom Drive, шиномонтаж', 'text': 'Добрый день Алдияр! Спасибо за отзыв! Рады, что вам понравилось, ждем вас снова!'};0;2gis;
55687774;2023-07-19;22:34:43;5;Качество шин отличное;Кенес Сайдалиев;False;False;;0;1;{'date_created': '2023-07-20T10:28:22.037052+07:00', 'id': '19556042', 'logo_preview_urls': {}, 'org_name': 'Freedom Drive, шиномонтаж', 'text': 'Приветствуем вас Кенес, рады что вы подобрали то что нужно!'};0;2gis;
55218650;2023-07-13;11:28:24;5;Ребята молодцы, оперативно заклеили спущенное колесо, спасибо;Самат Кониров;False;False;;1;1;{'date_created': '2026-01-20T18:45:35.190498+07:00', 'id': '60061027', 'logo_preview_urls': {}, 'org_name': 'Freedom Drive, шиномонтаж', 'text': 'Самат, спасибо за оценку и классное фото!'};1;2gis;
53819916;2023-06-22;21:35:16;5;Ребята грамотные, хороший сервис, доступные цены;Sanjar Shugai;False;False;;1;1;{'date_created': '2023-06-23T19:07:23.153356+07:00', 'id': '18820607', 'logo_preview_urls': {}, 'org_name': 'Freedom Drive, шиномонтаж', 'text': 'Добрый день Санжар, спасибо что поделились мнением о нас! Очень рады, что вы остались довольны нашим сервисом! Всего вам доброго!'};0;2gis;
51698249;2023-05-22;18:32:19;5;Спасибо парнишке, быстро подкачал шину!;Aizhan Kurmanova;False;False;;1;1;{'date_created': '2026-01-20T18:47:25.305592+07:00', 'id': '60061194', 'logo_preview_urls': {}, 'org_name': 'Freedom Drive, шиномонтаж', 'text': 'Айжан спасибо за отзыв! Парнишка не подкачал! сделал свою работу быстро! 😉'};0;2gis;
48409694;2023-04-04;22:07:28;1;Сегодня подъехала в 20:50, два сотрудника сказали уже не работают, закончили на сегодня. Телефон указанный на сайте не отвечает, говорит, что, я позвонила в нерабочее время. Везде написано, что вы работаете до 22:00!;Анастасия Полумискова;False;False;;0;3;{'date_created': '2023-04-05T19:29:07.632015+07:00', 'id': '16717593', 'logo_preview_urls': {}, 'org_name': 'Freedom Drive, шиномонтаж', 'text': 'Добрый день Анастасия, мы работаем с 9:00 до 21:00 без выходных, именно эта информация в 2GIS. Занимаемся продажей шин и дисков(Гипермаркет шин ecar.kz)наши сотрудники были опрошены, все наши клиенты до 21:00 были обслужены. Мы находимся на одной территории с Шиномонтажом, возможно вы ошибочно оставили отзыв приняв нас за Шиномонтаж, либо сотрудники Шиномонтажа вас дезинформировали о нашем закрытии. Если вам нужны шины Вы можете написать нам на Whatsapp +7 777 757 61 16 или оставить контакт мы обязательно свяжемся с вами. Всего доброго!'};0;2gis;
46667090;2023-03-04;19:07:12;5;Приехала на шиномонтаж, поменять резину, Олжас и Егор очень мне помогли, , очень толковые ребята всем советую!!!;Nadira Samekova;False;False;;1;1;{'date_created': '2023-03-09T15:53:42.696255+07:00', 'id': '16017088', 'logo_preview_urls': {}, 'org_name': 'Freedom Drive, шиномонтаж', 'text': 'Здравствуйте Надира. Нам очень приятно получить отзыв. Большое спасибо что отметили профессионализм наших сотрудников. Обязательно передадим Олжасу и Егору вашу благодарность, они будут рады узнать что вы полностью довольны их работой. Желаем вам удачи на дорогах. С уважением команда Freedom Drive.'};0;2gis;
45962872;2023-02-19;19:42:26;5;Оперативно. Четко. Олжас и Самат знают свою работу;Stephen Curry;False;False;;0;1;{'date_created': '2023-02-22T11:02:40.67152+07:00', 'id': '15657418', 'logo_preview_urls': {}, 'org_name': 'Freedom Drive, шиномонтаж', 'text': 'Большое спасибо вам за отзыв о наших сотрудниках, очень приятно.'};0;2gis;
44080561;2023-01-21;20:20:54;1;19.01.2023 подъехал в 11.00 ларек был закрыт. Охранник сказал что скоро подойдет, я прождал 30 минут он так и не появился. Очень жалко потерянного времени.;Александр Фомин;False;False;;0;1;{'date_created': '2023-02-22T11:05:51.666334+07:00', 'id': '15657476', 'logo_preview_urls': {}, 'org_name': 'Freedom Drive, шиномонтаж', 'text': 'Здравствуйте Александр, извините пожалуйста за неудобство, вы всегда можете обратиться к нашему сайту ecar.kz, здесь выложен весь ассортимент шин и дисков, а консультанты помогут вам сделать выбор с 9:00 до 20:00 без выходных и ответят на все интересующие вас вопросы о товаре.'};0;2gis;
39088486;2022-10-31;10:21:30;4;"В целом неплохо. Немного задержали по времени. Но работа сделана качественно.

Удобно, что можно сделать запись on-line. Главное выдерживайте график.";Almaz Akishev;False;False;;0;1;{'date_created': '2023-02-22T11:12:21.423435+07:00', 'id': '15657593', 'logo_preview_urls': {}, 'org_name': 'Freedom Drive, шиномонтаж', 'text': 'Спасибо вам Алмаз за отзыв, если вы приобретали товар в осеннее время, то к сожалению да, горячий был сезон, все работали на пределе своих возможностей :-) извините что не смогли на все 100 отработать, работаем над собой, постараемся в следующий раз все сделать вовремя.'};0;2gis;
